[
    {
        "domain": "ems-test.amaderit.net",
        "httpOnly": true,
        "name": "csrfToken",
        "path": "/",
        "sameSite": "Lax",
        "secure": true,
        "value": "2f0cac1cdbe858489bfd19412ca5b827589552140003cd186f2632c8000777f9607018d5dc780e681825759675adeb3cd2580057f4a05e52e2009c83b219fec6"
    },
    {
        "domain": "ems-test.amaderit.net",
        "httpOnly": true,
        "name": "CAKEPHP",
        "path": "/",
        "sameSite": "Lax",
        "secure": true,
        "value": "152edf461ef556d2f70786cc4a5b0396"
    }
]