[
    {
        "name": "CAKEPHP",
        "value": "296794b220e7234e4e476a6509d82a57",
        "path": "/",
        "domain": "ems-test.amaderit.net",
        "secure": true,
        "httpOnly": true,
        "sameSite": "None"
    },
    {
        "name": "csrfToken",
        "value": "7a3ae2fdbb100a7c1e604fd19bd32609abad84e016ddcf61b7915d03011f7806f144a9f341df03606dc45a6b841e8f78074f170f14d4358aa4ee690169016631",
        "path": "/",
        "domain": "ems-test.amaderit.net",
        "secure": true,
        "httpOnly": true,
        "sameSite": "None"
    }
]